[
    {
        "_id": {
            "$oid": "659370e80cf1c0e400f56bff"
        },
        "count": 10,
        "group_id": -1002137911091,
        "group_name": "\u02f9\u1d21\u1d00\u026a\u0493\u1d1c \u029c\u1d1c\u0274\u1d1b\u1d07\u0280 \u0299\u1d0f\u1d1b \u1d1c\u1d18\u1d05\u1d00\u1d1b\u1d07s\u02fc"
    },
    {
        "_id": {
            "$oid": "65965da60233d001eb661948"
        },
        "count": 154,
        "group_id": -1001953012111,
        "group_name": "\u0938\u0938\u094d\u0924\u093e \u0915\u0928\u094d\u0935\u0947\u0902\u0936\u0928"
    },
    {
        "_id": {
            "$oid": "65966ef40233d001eb66194f"
        },
        "count": 170,
        "group_id": -1002092736468,
        "group_name": "\ud808\udd9c \u0280\u025b\u01df\u029f \u0585\u057c\u025b\u0586 \ud808\udd9c"
    },
    {
        "_id": {
            "$oid": "65967acc0233d001eb661954"
        },
        "count": 1,
        "group_id": -1002082001185,
        "group_name": "\ud80c\udd02\ufe0f\ud834\uddbc\u20dd\ud83d\udd25\ud835\ude3c\ud835\ude49\ud835\ude44\ud835\ude48\ud835\ude40\u1b44\ud835\ude4e\ud835\ude3c\ud835\ude51\ud835\ude3c\ud835\ude42\ud835\ude40\ud83d\udd25.\uabed\u27f6\uabed\u1be6\ud83d\udcb8\u1cdf"
    },
    {
        "_id": {
            "$oid": "6596a2fb13deb3239e0fee8c"
        },
        "count": 51,
        "group_id": -1001905054761,
        "group_name": "k\u030f\u0300\u0367\u030b\u0350\u0365\u0344\u035c\u0321\u0334\u035c\u0318\u034d\u0359\u035a\u032f\u033a\u0317\u032b\u033c\u0316\u032e\u031d\u0354i\u0303\u033e\u033d\u0307\ud835\ude52\ud835\ude43\ud835\ude44\ud835\ude4f\ud835\ude40 \ud835\ude3f\ud835\ude40\ud835\ude51\ud835\ude44\ud835\ude47\ud835\ude4e\ud83d\udc80"
    },
    {
        "_id": {
            "$oid": "6596bc5d13deb3239e0fee91"
        },
        "count": 110,
        "group_id": -1002099580847,
        "group_name": "Sunshine"
    },
    {
        "_id": {
            "$oid": "6596e2bc65328663ce568ee5"
        },
        "count": 2,
        "group_id": -1002127507970,
        "group_name": "\u26e9\ufe0f \ud835\udc07\ud835\udc04\ud835\udc00\ud835\udc15\ud835\udc04\ud835\udc0d \ud835\udc15\ud835\udc08\ud835\udc01\ud835\udc04\ud835\udc12 \u26e9\ufe0f"
    },
    {
        "_id": {
            "$oid": "6596eb1265328663ce568eeb"
        },
        "count": 158,
        "group_id": -1001840216999,
        "group_name": "\u1d40\u1d34\u1d31 \ud835\udc68\ud835\udc0c\ud835\udc08\ud835\udc06\ud835\udc0e\ud835\udc12 \u25c8\u3018\u53cb\u3019"
    },
    {
        "_id": {
            "$oid": "6596eccb65328663ce568ef4"
        },
        "count": 6,
        "group_id": -1001607362737,
        "group_name": "\ud835\udc14\ud835\udc0a\ud835\udc08\ud835\udc18\ud835\udc0e \u273f\ufe0e"
    },
    {
        "_id": {
            "$oid": "65977b2765328663ce568f4c"
        },
        "count": 1,
        "group_id": -1001909902329,
        "group_name": "\ud835\udc14\ud835\udc13\ud835\udc0e\ud835\udc0f\ud835\udc08\ud835\udc00 \ud83d\udc7e"
    },
    {
        "_id": {
            "$oid": "6597960b65328663ce568f52"
        },
        "count": 466,
        "group_id": -1001716094616,
        "group_name": "\ud835\ude43\ud835\ude3c\ud835\ude4b\ud835\ude4b\ud835\ude54 \ud835\ude3d\ud835\ude44\ud835\ude4d\ud835\ude4f\ud835\ude43\ud835\ude3f\ud835\ude3c\ud835\ude54 \ud835\ude3f\ud835\ude40\ud835\ude3c\ud835\ude4d JERRY \u2728\u2764\ufe0f\ud83e\udd73\ud83e\udd73"
    },
    {
        "_id": {
            "$oid": "6597afaf65328663ce568f62"
        },
        "count": 105,
        "group_id": -1002127015645,
        "group_name": "\ud835\ude40\ud835\ude49 \ud835\ude42\ud835\ude64\ud835\ude5a\ud835\ude63 \u262f\ufe0f"
    },
    {
        "_id": {
            "$oid": "6597f84565328663ce568f73"
        },
        "count": 73,
        "group_id": -1001629399875,
        "group_name": "Morning caffe"
    },
    {
        "_id": {
            "$oid": "6597fa3e65328663ce568f75"
        },
        "count": 133,
        "group_id": -1001962739873,
        "group_name": "\u00d7\u035c\u00d7\ud835\udde6\ud835\udde2\ud835\udde8\ud835\udddf\u20dd\u2660 \ud835\udde6\ud835\udde2\ud835\uddd6\ud835\udddc\ud835\uddd8\ud835\udde7\ud835\uddec"
    },
    {
        "_id": {
            "$oid": "6598ecf2c2aedb4c40758ce8"
        },
        "count": 18,
        "group_id": -1001968626147,
        "group_name": "\u23e4\u035f\u035e \ud83c\udde8\ud835\udc79\ud835\udc68\ud835\udc81\ud835\udc80 \ud83c\udde8\ud835\udc73\ud835\udc7c\ud835\udc69 \u2500\u200c\u20db\u22c6 \u206a\u206c\u206e\u206e\u206e"
    },
    {
        "_id": {
            "$oid": "6598f4a4c2aedb4c40758ceb"
        },
        "count": 24,
        "group_id": -1002094748598,
        "group_name": "\ud835\ude4a\ud835\ude48\ud835\ude40\ud835\ude42\ud835\ude3c \ud835\ude40\ud835\ude48\ud835\ude4b\ud835\ude44\ud835\ude4d\ud835\ude40 \u2618\ufe0f"
    },
    {
        "_id": {
            "$oid": "659918ddc2aedb4c40758cf8"
        },
        "count": 21,
        "group_id": -1002032544467,
        "group_name": "\ud835\udc13\ud835\udc07\ud835\udc04 \ud835\udc12\ud835\udc0f\ud835\udc00\ud835\udc11\ud835\udc13\ud835\udc00\ud835\udc0d\ud835\udc12\ud83e\udd42\ud83d\udcc8"
    },
    {
        "_id": {
            "$oid": "6599556cc2aedb4c40758d09"
        },
        "count": 229,
        "group_id": -1001610594399,
        "group_name": "\ud83d\udc51\ud83d\udc98 \u00d7\u035c\u00d7 \u2655\ud835\udc02\ud835\udc11\ud835\udc00\ud835\udc19\ud835\udc18 \ud835\udc13\ud835\udc04\ud835\udc00\ud835\udc0c\u2655\u00d7\u035c\u00d7 \ud83d\udc98\ud83d\udc51"
    },
    {
        "_id": {
            "$oid": "6599925b8bd99b6977ae1483"
        },
        "count": 10,
        "group_id": -1002099627050,
        "group_name": "\u2620\ufe0e \u03a1\u0391\ud835\udda6\u0391\u2113 \u041a\u041d\u0391\ud835\uddad\ud835\udda0 \u2620\ufe0e"
    },
    {
        "_id": {
            "$oid": "659998d58bd99b6977ae1488"
        },
        "count": 6,
        "group_id": -1001901960517,
        "group_name": "\ud835\ude70\ud835\ude7d\ud835\ude78\ud835\ude7c\ud835\ude74 \ud835\ude70\ud835\ude81\ud835\ude74\ud835\ude7d\ud835\ude70"
    },
    {
        "_id": {
            "$oid": "659ab7168bd99b6977ae14a4"
        },
        "count": 36,
        "group_id": -1001782801171,
        "group_name": "..\ud835\ude1b\u03ad\u1eb3\ud835\ude2e\u13c2\u0e1a\ud835\udc5b\u03c4\u03ad\u1e5b\ud83e\udd40\ud83e\uddf8"
    },
    {
        "_id": {
            "$oid": "659d353ad36e2a782bed97d7"
        },
        "count": 27,
        "group_id": -1002053594446,
        "group_name": "\u269a\u25c8\ud835\udeb2\ud835\udeb4\ud835\udeb0\ud835\udeb3\ud835\udeaf\ud835\udebb\ud835\udeb0\ud835\udeb3\ud835\udeb5 \u26ca \u2770\u611b\u2771"
    },
    {
        "_id": {
            "$oid": "659d7402d36e2a782bed97dc"
        },
        "count": 46,
        "group_id": -1002142106047,
        "group_name": "Raven hunters"
    },
    {
        "_id": {
            "$oid": "659e5218a41159815ab9627e"
        },
        "count": 2,
        "group_id": -1002033696472,
        "group_name": "Waifu"
    },
    {
        "_id": {
            "$oid": "659f814ddef1bfea89a9b196"
        },
        "count": 2,
        "group_id": -1001916480167,
        "group_name": "\ud835\udc6f\ud835\udc86\ud835\udc8d\ud835\udc8d \ud835\udc6b\ud835\udc86\ud835\udc8e\ud835\udc90\ud835\udc8f\ud835\udc94 \u271e\ufe0e"
    },
    {
        "_id": {
            "$oid": "659ff5b1def1bfea89a9b19f"
        },
        "count": 1,
        "group_id": -1001921514169,
        "group_name": "\u20dfO\u1d05\u026a\u0274 || S\u1d0f\u1d04\u026a\u1d07\u1d1b\u028f\ud83c\udf77\u20df"
    },
    {
        "_id": {
            "$oid": "65a01717db7787f049fca515"
        },
        "count": 7,
        "group_id": -1002038439596,
        "group_name": "/harem of wifu"
    },
    {
        "_id": {
            "$oid": "65a10ea0db7787f049fca52a"
        },
        "count": 25,
        "group_id": -1001828867850,
        "group_name": "\ud835\udde0\ud835\uddd4\ud835\uddd9\ud835\udddc\ud835\uddd4 \ud835\udde2\ud835\uddd9 \ud835\uddd4\ud835\udde1\ud835\udddc\ud835\udde0\ud835\uddd8 \u2620\ufe0f"
    },
    {
        "_id": {
            "$oid": "65a24d13fd2f3c92365ae8b5"
        },
        "count": 8,
        "group_id": -1001872952945,
        "group_name": "Anime group global"
    },
    {
        "_id": {
            "$oid": "65a55be320928e1ef42997a1"
        },
        "count": 44,
        "group_id": -1002017005805,
        "group_name": "Good community \ud83d\udc9e\ud83e\udd70"
    },
    {
        "_id": {
            "$oid": "65a633f7b16ffeb809fb0a2d"
        },
        "count": 2,
        "group_id": -1001992349570,
        "group_name": "Oxy proxy \ud83c\udf7f"
    },
    {
        "_id": {
            "$oid": "65a7a320418d92e49804bc29"
        },
        "count": 11,
        "group_id": -1001998881788,
        "group_name": "Alexia and Anshul"
    },
    {
        "_id": {
            "$oid": "65aa844eac34c76962dbef50"
        },
        "count": 24,
        "group_id": -1001930290905,
        "group_name": "\u13a6\u13aa\u13b7\u13cc\u13d2\u13aa\u13a5 \u2718\ud835\udc6a\ud835\udc76\ud835\udc74\ud835\udc74\ud835\udc7c\ud835\udc75\ud835\udc70\ud835\udc7b\ud835\udc80"
    },
    {
        "_id": {
            "$oid": "65aaaa2cac34c76962dbef5b"
        },
        "count": 6,
        "group_id": -4109422349,
        "group_name": "Ross"
    },
    {
        "_id": {
            "$oid": "65aacb0e4c6ece84f70352e7"
        },
        "count": 21,
        "group_id": -1001824532883,
        "group_name": "Music and fun with aishu"
    },
    {
        "_id": {
            "$oid": "65aaf8db4c6ece84f70352ec"
        },
        "count": 7,
        "group_id": -1001999007703,
        "group_name": "Only Husbond grab \ud83d\udd25"
    },
    {
        "_id": {
            "$oid": "65ab78e04c6ece84f70352f3"
        },
        "count": 3,
        "group_id": -1001952719380,
        "group_name": "\ud835\ude4e\ud835\ude5d\ud835\ude56\ud835\ude59\ud835\ude64\ud835\ude6c\"\ud835\ude4d\ud835\ude5a\ud835\ude56\ud835\ude65\ud835\ude5a\ud835\ude67"
    },
    {
        "_id": {
            "$oid": "65abf4dc4c6ece84f7035305"
        },
        "count": 9,
        "group_id": -1001979090484,
        "group_name": "Animates Chat Cafe \u2022 ANMIX"
    },
    {
        "_id": {
            "$oid": "65ac0d1a4c6ece84f703530b"
        },
        "count": 26,
        "group_id": -1002097528345,
        "group_name": "\ud80c\udda9\ud835\udde6\ud835\udddb\ud835\uddd4\ud835\uddd7\ud835\udde2\ud835\uddea\ud80c\uddaa \u00d7\u035c\u00d7 \ud835\udde5\ud835\udde8\ud835\udddf\ud835\uddd8\ud835\udde5\u2796\u20df\ud83d\udc09"
    },
    {
        "_id": {
            "$oid": "65ae79ca2ca35d376fbb9cad"
        },
        "count": 2,
        "group_id": -4153551342,
        "group_name": "Ross"
    },
    {
        "_id": {
            "$oid": "65aea5ae2ca35d376fbb9caf"
        },
        "count": 2,
        "group_id": -4076337743,
        "group_name": "Graa"
    },
    {
        "_id": {
            "$oid": "65b1219d29a1e901c453e7e7"
        },
        "count": 34,
        "group_id": -1001853928406,
        "group_name": "Pok\u00e9 MMO Players"
    },
    {
        "_id": {
            "$oid": "65b26ac976b2b86832e33952"
        },
        "count": 1,
        "group_id": -4146942434,
        "group_name": "Ross"
    },
    {
        "_id": {
            "$oid": "65b2d00c4b0ecb64d58f5103"
        },
        "count": 20,
        "group_id": -1002014970651,
        "group_name": "\ud80c\udd02\ud835\udddc\ud835\udde1\ud835\udde6\ud835\uddd4\ud835\udde1\ud835\uddd8\u2022\ud835\udde6\ud835\udde2\ud835\uddd6\ud835\udddc\ud835\uddd8\ud835\udde7\ud835\uddec\u2618\ufe0f"
    },
    {
        "_id": {
            "$oid": "65b366c94b0ecb64d58f510c"
        },
        "count": 244,
        "group_id": -1002060199763,
        "group_name": "\u00d7\u200c\u00d7\ud835\udde6\ud835\udde2\ud835\udde8\ud835\udddf\u20dd\u2660\ud835\udde6\ud835\udde2\ud835\uddd6\ud835\udddc\ud835\uddd8\ud835\udde7\ud835\uddec"
    },
    {
        "_id": {
            "$oid": "65b3ad164b0ecb64d58f5113"
        },
        "count": 7,
        "group_id": -1001895674638,
        "group_name": "Just Nothing"
    },
    {
        "_id": {
            "$oid": "65b7bd03c28d1efca6affefe"
        },
        "count": 2,
        "group_id": -4136129742,
        "group_name": "Ross"
    },
    {
        "_id": {
            "$oid": "65b7fa79c28d1efca6afff03"
        },
        "count": 1,
        "group_id": -1001948841766,
        "group_name": "Anime waifu harem stricker"
    },
    {
        "_id": {
            "$oid": "65bbdb4e00c3f950931794b9"
        },
        "count": 1,
        "group_id": -4159275578,
        "group_name": "Graa"
    },
    {
        "_id": {
            "$oid": "65bc336a00c3f950931794bf"
        },
        "count": 1,
        "group_id": -1002045639130,
        "group_name": "X\u026a\u1d00\u1d0f and Itz DEMON"
    },
    {
        "_id": {
            "$oid": "65bf8933e620c7039d8d3505"
        },
        "count": 4,
        "group_id": -1002044383822,
        "group_name": "Benaam kahaniyan"
    },
    {
        "_id": {
            "$oid": "65c0a35acce402aecabddebe"
        },
        "count": 26,
        "group_id": -1002063972659,
        "group_name": "Bivv"
    },
    {
        "_id": {
            "$oid": "65c0a5fbcce402aecabddec1"
        },
        "count": 34,
        "group_id": -1001726681150,
        "group_name": "\ud835\ude52\ud835\ude5d\ud835\ude5e\ud835\ude5b\ud835\ude6a \ud835\ude58\ud835\ude61\ud835\ude6a\ud835\ude57 \ud83c\udf44"
    },
    {
        "_id": {
            "$oid": "65c2734993923fd0bcfdd418"
        },
        "count": 2,
        "group_id": -1002065632152,
        "group_name": "Ross(test)"
    },
    {
        "_id": {
            "$oid": "65c2a6bf93923fd0bcfdd41a"
        },
        "count": 35,
        "group_id": -1001768458187,
        "group_name": "Shadow garden"
    },
    {
        "_id": {
            "$oid": "65c3259d93923fd0bcfdd420"
        },
        "count": 1,
        "group_id": -1002072934247,
        "group_name": "Anime waifu Catcher"
    },
    {
        "_id": {
            "$oid": "65c3c77d1e3e6dfce3e0b341"
        },
        "count": 20,
        "group_id": -1002003116847,
        "group_name": "Xtrade"
    },
    {
        "_id": {
            "$oid": "65c65476099406b64e93ef6b"
        },
        "count": 2,
        "group_id": -4015605882,
        "group_name": "Graaabbbb2"
    },
    {
        "_id": {
            "$oid": "65ca4884bee7dfc91b367e23"
        },
        "count": 15,
        "group_id": -953445701,
        "group_name": "Grab3"
    },
    {
        "_id": {
            "$oid": "65d0b9d64969ca2ece423e61"
        },
        "count": 22,
        "group_id": -1001952735330,
        "group_name": "Peaceful gc \ud83c\udf0c"
    },
    {
        "_id": {
            "$oid": "65d6db6af11edbf90aac412f"
        },
        "count": 20,
        "group_id": -1002087869796,
        "group_name": "Characters spawn \u2728\ud83e\udd8b"
    },
    {
        "_id": {
            "$oid": "65d732c9f11edbf90aac4132"
        },
        "count": 74,
        "group_id": -1002014762573,
        "group_name": "\ud835\ude4f\ud835\ude5d\ud835\ude5a \ud835\ude5d\ud835\ude6a\ud835\ude63\ud835\ude69\ud835\ude5a\ud835\ude67 \ud835\ude68\ud835\ude64\ud835\ude58\ud835\ude5e\ud835\ude5a\ud835\ude69\ud835\ude6e \u266a\ud83c\udf44"
    },
    {
        "_id": {
            "$oid": "65d86c4d239092eb67cf3232"
        },
        "count": 2,
        "group_id": -4144703192,
        "group_name": "Graa"
    },
    {
        "_id": {
            "$oid": "65d8dca4239092eb67cf3234"
        },
        "count": 35,
        "group_id": -1002072775214,
        "group_name": "Goku"
    },
    {
        "_id": {
            "$oid": "65dc8fab4d9cedc67b6e1a7d"
        },
        "count": 1,
        "group_id": -1002089580890,
        "group_name": "\u0181\u1d00\u1d04\u1d0b\u2694\ufe0f\u0181\u1d07\u0274\u1d04\u029c\u1d07\u0280s \ud83d\udc7f\ud83d\udc7f\ud83d\udc7f"
    },
    {
        "_id": {
            "$oid": "65e0b21ca1cbe763162efb8b"
        },
        "count": 4,
        "group_id": -1002117345769,
        "group_name": "\ud835\udc01\ud835\udc0b\ud835\udc00\ud835\udc02\ud835\udc0a\ud835\udc03\ud835\udc11\ud835\udc00\ud835\udc06\u232c\ud835\udc0d \ud835\udc02\ud835\udc11\ud835\udc08\ud835\udc0c\ud835\udc08\ud835\udc0d\ud835\udc00\ud835\udc0b\ud835\udc12 \ud83c\udfb4"
    },
    {
        "_id": {
            "$oid": "65e5d9fee3ce48493cd66fea"
        },
        "count": 41,
        "group_id": -1001848799077,
        "group_name": "\ud835\ude43\ud835\ude4a\ud835\ude50\ud835\ude4e\ud835\ude40 \u00d7 \ud835\ude4a\ud835\ude41 \u00d7 \ud835\ude4e\ud835\ude4a\ud835\ude50\ud835\ude47 \ud83d\udd25"
    },
    {
        "_id": {
            "$oid": "65e6c461d00e4e616cb8a672"
        },
        "count": 65,
        "group_id": -1001614056796,
        "group_name": "Friends community\ud83d\udc40\u2764\ufe0f"
    },
    {
        "_id": {
            "$oid": "65e801c6111012477b377b52"
        },
        "count": 5,
        "group_id": -1002049756423,
        "group_name": "\ud80c\ude88\ud808\udd9c \u20b3\u20ad\u20b3\u20ae\u20b4\u0244\u20ad\u0142 \ud808\udd9c\ud80c\ude89\u00d7\u035c\u00d7\u1d0f\ua730\ua730\u026a\u1d04\u026a\u1d00\u029f\u0fd0"
    },
    {
        "_id": {
            "$oid": "65e87fef1a5b38a3c3902348"
        },
        "count": 2,
        "group_id": -1001306256289,
        "group_name": "Hunters Community"
    },
    {
        "_id": {
            "$oid": "65e893b21a5b38a3c390234c"
        },
        "count": 104,
        "group_id": -1002143452061,
        "group_name": "\ud835\udc12\ud835\udc04\ud835\udc02\ud835\udc11\ud835\udc04\ud835\udc13 \ud835\udc02\ud835\udc07\ud835\udc00\ud835\udc0c\ud835\udc01\ud835\udc04\ud835\udc11\ud83c\udf42"
    },
    {
        "_id": {
            "$oid": "65eb8822126ecb093e75f5cf"
        },
        "count": 9,
        "group_id": -1001998517474,
        "group_name": "~\u2665~\u0669 \u2102\ud835\udd63\ud835\udd52\ud835\udd6b\ud835\udd6a \ud835\udd54\ud835\udd60\ud835\udd66\ud835\udd61\ud835\udd5d\ud835\udd56\ud835\udd64 \u06f6~\u2665~"
    },
    {
        "_id": {
            "$oid": "65eccef585374777994c9d98"
        },
        "count": 3,
        "group_id": -1001814434455,
        "group_name": "Waifu"
    },
    {
        "_id": {
            "$oid": "65edc615efbda3801ca603f8"
        },
        "count": 3,
        "group_id": -1002144124144,
        "group_name": "S\u1d0f\u1d1c\u029f S\u1d0f\u1d04\u026a\u1d07\u1d1b\u028f \ud81a\udd0d \u2670"
    },
    {
        "_id": {
            "$oid": "65edd3bbefbda3801ca603fb"
        },
        "count": 16,
        "group_id": -1002040048610,
        "group_name": "\u0299\u0280\u1d00\u1d20\u1d07 \u0299\u1d1c\u0274\u1d04\u029c!\u1bd3\u269d"
    },
    {
        "_id": {
            "$oid": "65eeb5737c95a2e21e926450"
        },
        "count": 6,
        "group_id": -1002044644706,
        "group_name": "Waifu_am"
    },
    {
        "_id": {
            "$oid": "65f096576f245879b8c9919e"
        },
        "count": 4,
        "group_id": -1002112801354,
        "group_name": "GRABBER GROUP"
    },
    {
        "_id": {
            "$oid": "65f2828607b9a22266c4c67e"
        },
        "count": 86,
        "group_id": -1002125721467,
        "group_name": "\ud835\ude41\ud835\ude47\ud835\ude4a\ud835\ude52\ud835\ude40\ud835\ude4d \ud835\ude3e\ud835\ude3c\ud835\ude4b\ud835\ude44\ud835\ude4f\ud835\ude3c\ud835\ude47 \u26e9\ufe0f"
    },
    {
        "_id": {
            "$oid": "65f6a31bf7c36320aa6ed34f"
        },
        "count": 49,
        "group_id": -4187215525,
        "group_name": "Nothing"
    },
    {
        "_id": {
            "$oid": "65f88b91dc86b49a8544b781"
        },
        "count": 6,
        "group_id": -1002128121135,
        "group_name": "Test group"
    },
    {
        "_id": {
            "$oid": "65fc23c8ff2c86898647aa83"
        },
        "count": 128,
        "group_id": -1001893628568,
        "group_name": "\ud835\ude51\ud835\ude44\ud835\ude49\ud835\ude47\ud835\ude3c\ud835\ude49\ud835\ude3f \u2022 \ud835\ude08\ud835\ude15\ud835\ude10\ud835\ude14\ud835\ude0c \ud835\ude0a\ud835\ude0f\ud835\ude08\ud835\ude1b \u26e9\ufe0f"
    },
    {
        "_id": {
            "$oid": "65fc6fb576a00b1b9df2b2df"
        },
        "count": 57,
        "group_id": -1002058469368,
        "group_name": "\u06af\u0631\u0648\u0647 hentai room"
    },
    {
        "_id": {
            "$oid": "660062e646a3f4dbf4de69cb"
        },
        "count": 6,
        "group_id": -1002062854470,
        "group_name": "\ud835\udc00\ud835\udc0d\ud835\udc08\ud835\udc0c\ud835\udc04 _\ud835\udc16\ud835\udc0e\ud835\udc11\ud835\udc0b\ud835\udc03"
    },
    {
        "_id": {
            "$oid": "6600abcce9d2774a4bebeae2"
        },
        "count": 14,
        "group_id": -1002029938132,
        "group_name": "\u0627\u0646\u06cc\u0645\u0647 \u0641\u0627\u0631\u0645 | \ud835\udc00\ud835\udc0d\u0197\u043c\ud835\udc52\u24d5\ud835\udc1a\u044f\u043c"
    },
    {
        "_id": {
            "$oid": "6601156046a3f4dbf4de69d7"
        },
        "count": 11,
        "group_id": -4111804877,
        "group_name": ":K"
    },
    {
        "_id": {
            "$oid": "6601843746a3f4dbf4de69df"
        },
        "count": 53,
        "group_id": -1002039279139,
        "group_name": ":K"
    },
    {
        "_id": {
            "$oid": "6602b787e5defcfc8bcc9fc6"
        },
        "count": 154,
        "group_id": -1001990597111,
        "group_name": "Yooo"
    },
    {
        "_id": {
            "$oid": "66031baf81ce17ae192f3b35"
        },
        "count": 6,
        "group_id": -1002080720579,
        "group_name": "Waifu grabing group"
    },
    {
        "_id": {
            "$oid": "6607dd7db1047ad102bc66c4"
        },
        "count": 12,
        "group_id": -1002103373906,
        "group_name": "Waifus grab"
    },
    {
        "_id": {
            "$oid": "660808a2b1047ad102bc66c7"
        },
        "count": 3,
        "group_id": -1002119957339,
        "group_name": "\u0f0a* \u035f\u035f\u035e\u035e\ua4b0\u27b3 t\u043d\u0454 \u00a2\u043d\u03c5\u03b7\u03b9\u0432\u0443\u03c3 \u00a2\u2113\u03c5\u0432 \u0f80\u0fd0\u02ca\u02ce-"
    },
    {
        "_id": {
            "$oid": "66084f5db1047ad102bc66ca"
        },
        "count": 21,
        "group_id": -1002064545104,
        "group_name": "\ud835\ude3f\ud835\ude5a\ud835\ude62\ud835\ude64\ud835\ude63 \ud835\ude62\ud835\ude64\ud835\ude64\ud835\ude63\ud835\ude68\ud83d\ude08"
    },
    {
        "_id": {
            "$oid": "6608607cb1047ad102bc66d0"
        },
        "count": 35,
        "group_id": -1002131205083,
        "group_name": "Zeal x catcher"
    },
    {
        "_id": {
            "$oid": "660865b0b1047ad102bc66d5"
        },
        "count": 10,
        "group_id": -1002075936702,
        "group_name": "\ud808\udd9cM\u0337O\u0337N\u0337S\u0337T\u0337E\u0337R\u0337\ud808\udd9c"
    },
    {
        "_id": {
            "$oid": "660ab1e625c5b8f151fa6aad"
        },
        "count": 4,
        "group_id": -1002002061982,
        "group_name": "Waifu"
    },
    {
        "_id": {
            "$oid": "660b916225c5b8f151fa6ab6"
        },
        "count": 45,
        "group_id": -1002076535247,
        "group_name": "Harem"
    }
]