[
    {
        "_id": 5879045901,
        "first_name": "\u1d0f\u0280\u1d18\u029c\u1d07\u1d1cs \u1d0d\u1d1cs\u026a\u1d04 \u1d00ss\u026as\u1d1b\u1d00\u0274\u1d1b",
        "username": null
    },
    {
        "_id": 5943974274,
        "first_name": "Furina",
        "username": "its_koharu"
    },
    {
        "_id": 5527360299,
        "first_name": "\u2602\ufe0e\ud835\udcd6\ud835\udcf8\ud835\udcf3\ud835\udcf8 \ud835\udce2\ud835\udcea\ud835\udcfd\ud835\udcf8\ud835\udcfb\ud835\udcfe \u2614\ufe0e",
        "username": "The_honoured_Oneee"
    },
    {
        "_id": 5791955148,
        "first_name": "\ud83d\udd49HACKER \u2022 \u2770\ud835\uddd5\u232c\ud835\udde1\ud835\udde7\ud835\udf63\ud835\udde1\u2771",
        "username": "xZc_HACKER"
    },
    {
        "_id": 5481866206,
        "first_name": "\u00d7\u035c\u00d7s\u1d0f\u1d1c\u029f\u20dd\u2660X_\u1d33\u1d52\u1d48\u7279",
        "username": "Its_404_Macro"
    },
    {
        "_id": 5930690809,
        "first_name": "\ud83d\udda4\u20dd\u20dd \ud83c\uddf7\ud835\ude70\u0361\u035c\ud835\ude78\ud835\ude73\ud835\ude74\ud835\ude7d",
        "username": "Raiden_shogunn"
    },
    {
        "_id": 5854844702,
        "first_name": "S\u1d00\u1d1c\u1d20\u026a\u1d0b \u00d7\u035c\u00d7s\u1d0f\u1d1c\u029f\u20dd\u2660",
        "username": "pikachu6119"
    },
    {
        "_id": 5191699870,
        "first_name": "\u7231| \u1d22\u03c3\u0280\u03c3 \u00d7\u035c\u00d7s\u1d0f\u1d1c\u029f\u20dd\u2660",
        "username": "Multiversetravler121"
    },
    {
        "_id": 1389467646,
        "first_name": "\u00d7\u035c\u00d7\ud835\ude46\ud835\ude70\ud835\ude83\ud835\ude82\ud835\ude84\ud835\ude7a\ud835\ude78\u00d7\u035c\u00d7",
        "username": "aka_katsuki"
    },
    {
        "_id": 1643054031,
        "first_name": "\u30e1\u27f6\u1d1b \u1d00 \u1d0b \u026a \u30e1",
        "username": null
    },
    {
        "_id": 6831910507,
        "first_name": "\ud835\uddde\ud835\udde5\ud835\uddd4\ud835\udde7\ud835\udde2\ud835\udde6 \u2022 \ud835\udde6\ud835\udde3\u4e48\ud835\udde5\ud835\udde7\u4e48\ud835\udde1\ud835\udde6 \u262f\ufe0f",
        "username": "KRATOS_OO7"
    },
    {
        "_id": 1440712150,
        "first_name": "T\u1d00\u0274\u1d0a\u026a\u0280\u1d0f \u2022\u300eT\u029c\u1d07 S\u1d1c\u0280\u1d20\u1d07\u028f C\u1d0f\u0280\u1d18s \u300f",
        "username": "Pov_ai"
    },
    {
        "_id": 6299381881,
        "first_name": "\u221a\ud835\udfec",
        "username": "Commander_00"
    },
    {
        "_id": 6570434731,
        "first_name": "\u23af\u200c\uabed\ud80c\uddb0\ud834\udd43\uabed\u1cda\uabed\ud80c\udd02\ufe0f\ud834\uddbc\u20dd\ud83d\udd25\ud835\udc06\ud835\ude7e\ud835\ude79\ud835\ude7e\u1b44\ud835\udc7a\ud835\udc68\ud835\udc7d\ud835\udc68\ud835\udc6e\ud835\udc6c\ud83d\udd25.\uabed\u27f6\uabed\u1be6\ud83d\udcb8\u1cdf",
        "username": "Gojo_104"
    },
    {
        "_id": 6968936950,
        "first_name": "\ud835\udc12\ud835\udc08\ud835\udc17\ud835\udc13\ud835\udc18 \ud835\udc0d\ud835\udc08\ud835\udc0d\ud835\udc04 </>\ud83c\udf77",
        "username": "HEYY_MoMMY"
    },
    {
        "_id": 6543968424,
        "first_name": "\u3164\u3164\u3164\u3164\u3164\u3164\u3164",
        "username": null
    },
    {
        "_id": 5151095145,
        "first_name": ".",
        "username": null
    },
    {
        "_id": 1938688666,
        "first_name": "\ud835\ude47\ud835\ude5e\ud835\ude61\ud835\ude5e\ud835\ude69\ud835\ude5d",
        "username": "Exotic_lilith"
    },
    {
        "_id": 5691178083,
        "first_name": "\u23e4\u035f\u035f\u035e\u2796\u20dfK\u0280\u1d0f\u059f\u135d\u0274\u1b44S\u0f19 \u232f||\u232f",
        "username": "RealKronoS"
    },
    {
        "_id": 6238244361,
        "first_name": "\ud835\uddd4\ud835\uddfe\ud835\ude02\ud835\uddee\ud835\uddfa\ud835\uddee\ud835\uddff\ud835\uddf6\ud835\uddfb\ud835\uddf2 \u00d7\u035c\u00d7\ud835\udc2c\ud835\udc28\ud835\udc2e\ud835\udc25 \u20dd\u2660",
        "username": "Star_Eye_Killer_Hunter"
    },
    {
        "_id": 6962693280,
        "first_name": "\ud835\udc06\ud835\udc11\ud835\udc08\ud835\udc05\ud835\udc05\ud835\udc08\ud835\udc13\ud835\udc07",
        "username": "Actsgay"
    },
    {
        "_id": 1746737825,
        "first_name": "\u23e4\u035f\u035e\u035f\u035e\ud835\ude45\ud835\ude3c\ud835\ude3e\ud835\ude46~\ud835\ude3f\ud835\ude4d\ud835\ude3c\ud835\ude42\ud835\ude4a\ud835\ude49\u20df\ud83d\udc09 \ud83d\udcb8",
        "username": "r_d_xx"
    },
    {
        "_id": 5479182748,
        "first_name": "Drake | \ud835\udd28\ud835\udd32\ud835\udd2f\ud835\udd32",
        "username": "Expected_person"
    },
    {
        "_id": 5991493442,
        "first_name": "Shuyaa 2",
        "username": "Sleepyshuya"
    },
    {
        "_id": 6393276625,
        "first_name": "Manjiro",
        "username": "Manziiro"
    },
    {
        "_id": 6058139652,
        "first_name": "\u2325 J \u22cf S\u0f19 \u029c \uaa96 \uaa80\u296e \u2772\ud83e\udd96\u2773\ud80c\udc09",
        "username": "fatherOFpaul"
    },
    {
        "_id": 6109856126,
        "first_name": "\u6697\u2022|\u029c\u026a\u0274\u059f\u135d\u1d00\u1d1b\u1d00\u2740 <\ud83c\uddec\ud83c\udde7>",
        "username": "Hina_cutie"
    },
    {
        "_id": 5322882174,
        "first_name": "\u30e1\u1d00\u028f\u1d00\u0274\u1d0f\u1d0b\u1d0f\u1d0a\u026a\u30b7\ufe0e",
        "username": "Koji280"
    },
    {
        "_id": 5131805564,
        "first_name": "\ud835\udc3d\ud835\udc52\ud835\udc5f\ud835\udc5f\ud835\udc66",
        "username": "Jerry_hoi"
    },
    {
        "_id": 5797677687,
        "first_name": "\u2022\ua731\u1d1c\u029c\u1d00\u0274\u026a\u2022",
        "username": "Charismatic02"
    },
    {
        "_id": 6235594506,
        "first_name": "\u26e6\u20d5\u035c\ud835\ude48\ud835\ude4d\u00d7\u035c\ud835\udc69\ud835\udc79\ud835\udc7c\ud835\udc6a\ud835\udc6c \ud835\udc7e\u0394\ud835\udc80\ud835\udc75\ud835\udc6c \u26a1\ufe0f",
        "username": "mrr_bruce_wayne"
    },
    {
        "_id": 6017350497,
        "first_name": "\ud835\udc0c\ud835\udc2b. \ud835\udc0a\ud835\udc1a\ud835\udc25\ud835\udc1a \ud835\udc01\ud835\udc22\ud835\udc25\ud835\udc25\ud835\udc1a \u2654 \ud83e\udde7",
        "username": "mr_rabi_y"
    },
    {
        "_id": 5480909794,
        "first_name": "\ud835\uddec\ud835\ude02\u1d0a\u026a",
        "username": "Yuji_Itadori_h"
    },
    {
        "_id": 6160705675,
        "first_name": "\ud80c\udda9\u0475\u03b5\u019e\u1d0f\u028d\ud80c\uddaa",
        "username": null
    },
    {
        "_id": 5804873955,
        "first_name": "Vishesh",
        "username": "Visheshpal_479"
    },
    {
        "_id": 6366135368,
        "first_name": "Ganja\u263bGojo",
        "username": "Cchuuuufufu"
    },
    {
        "_id": 6519749279,
        "first_name": "x\ud835\udc7a\ud835\ude5d\uab75\u1e7f\u1eb3\u04cdx",
        "username": "Uc_vampire"
    },
    {
        "_id": 1087968824,
        "first_name": "Group",
        "username": "GroupAnonymousBot"
    },
    {
        "_id": 6094643801,
        "first_name": "\ud835\udc06\ud835\udc0e\ud835\udc03\ud835\udc0b\ud835\udc08\ud835\udc0a\ud835\udc04 \u2022\ua0e8\u2022\ud835\udc11\ud835\udc03\ud835\udc12 \u1405",
        "username": "Universal_GodD"
    },
    {
        "_id": 6529892817,
        "first_name": "C\u1d0f\u0274\u1d04 | -\u035f\u035f\u035e H\u00b2S\u1d0f\u2074 \ud83e\uddea",
        "username": "Conc_chemical"
    },
    {
        "_id": 5505907359,
        "first_name": "The lonely Story",
        "username": "know_lonliness"
    },
    {
        "_id": 5009250822,
        "first_name": "Shadow",
        "username": "Shadow_Sanpai"
    },
    {
        "_id": 6463608553,
        "first_name": "\ua9c1\u262c\u0f12Rishi\u0f12\u262c\ua9c2",
        "username": "JOEY_HOW_YOU_DOIN"
    },
    {
        "_id": 6659331126,
        "first_name": "\ud835\ude43\ud835\ude56\ud835\ude67\ud835\ude59\ud835\ude6e\u22c6 \u2770\u1b67\u2771",
        "username": "your_hardy"
    },
    {
        "_id": 5715764478,
        "first_name": "\u0166ob\u0390 \u300e \u22cf \u300f",
        "username": "Tobiix"
    },
    {
        "_id": 5957500906,
        "first_name": "Zeno",
        "username": null
    },
    {
        "_id": 6440027160,
        "first_name": "Kimitsu",
        "username": "kevin11_1"
    },
    {
        "_id": 1074528726,
        "first_name": "\uff3a\uff4f\uff52\uff4f...",
        "username": "mnkiedluffy"
    },
    {
        "_id": 5878723152,
        "first_name": "Shadow",
        "username": "Sahdow_V_Hunter"
    },
    {
        "_id": 6247638803,
        "first_name": "Unknown",
        "username": "unknowndisaster999"
    },
    {
        "_id": 6600178606,
        "first_name": "Tony",
        "username": "xkiller29"
    },
    {
        "_id": 5805123185,
        "first_name": "\u00d7\u035c\u00d7 \ud835\udc02\ud835\udc11\ud835\udc00\ud835\udc19\ud835\udc18\u212d\ud835\udc0d\ud835\udc1a\ud835\udc20\ud835\udc22\ud835\udcec \u2763\ud835\udcd6\ud835\udcfe\ud835\udcfb\ud835\udcf9\ud835\udcfb\ud835\udcee\ud835\udcee\ud835\udcfd\ud83d\udc9e",
        "username": "Nagi_0143"
    },
    {
        "_id": 6070538973,
        "first_name": "\u2122\u00b0\u200c \ud83e\udee7 \ud83c\uddf2 \ud83c\udde6 \ud835\udc03 \ud835\udc00 \ud835\udc11 \ud835\udc00",
        "username": "CODEX_MADARA"
    },
    {
        "_id": 6765826972,
        "first_name": "Shuyaa",
        "username": "Mynameisshekhar"
    },
    {
        "_id": 6529000871,
        "first_name": "\u1d0b\u026a\u0280\u026a\u1d1b\u1d0f",
        "username": "kirito_it_is"
    },
    {
        "_id": 6758236533,
        "first_name": "\u1d05\u1d07\u1d0d\u1d0f\u0274 \ud80c\udd0b \u1d0f\u0299\u026a\u1d1b\u1d0f \u2014\u035f\u035e\u035e\ud835\udde6\ud835\udddb\ud835\uddd4\ud835\uddd7\ud835\udde2\ud835\uddea \ud81a\udd0d",
        "username": "Madara_shadows"
    },
    {
        "_id": 2048566011,
        "first_name": "Yashh",
        "username": "Yash_pvv"
    },
    {
        "_id": 6623293286,
        "first_name": "\u00d7\u035c\u00d7\u0f12\ud835\udcdc\ud835\udcf2\ud835\udcfc\ud835\udcfd\ud835\udcfb\ud835\udd02_\ud835\udceb\ud835\udcf8\ud835\udd02_\ud835\udcdb \u0f12\u00d7\u035c\u00d7",
        "username": "mistry_boy_L"
    },
    {
        "_id": 5019677558,
        "first_name": "\u15f7\u15e9T\u15f0\u15e9\u144e \u262f\ufe0f",
        "username": "Harsh_12257"
    },
    {
        "_id": 6331499955,
        "first_name": "Chris Hemsworth",
        "username": "Chris_Hemsworthy"
    },
    {
        "_id": 5083193317,
        "first_name": "\u23e4\u035f\u035e \u225b\u20dd\u1da6\u03fb\u0363\ud835\udd78\ud835\udd94\ud835\udd8d\ud835\udd86\ud835\udd92\ud835\udd92\ud835\udd86\ud835\udd89\ud808\ude1e\ud835\udd82\ud835\udd86\ud835\udd98\ud835\udd8e\ud835\udd96\u24c4\ud835\udc0f\u22c6\u200c\u20dd\u2766\u0fd0",
        "username": "MaleAplha246"
    },
    {
        "_id": 6370396882,
        "first_name": "\ud835\udc0c\ud835\udc08\ud835\udc0d\ud835\udc00\ud835\udc13\ud835\udc0e\u3164",
        "username": "Gojo_303"
    },
    {
        "_id": 2010856646,
        "first_name": "\ud835\udc7c\ud835\udc8f\ud835\udc72\ud835\udc8f\ud835\udc76\ud835\udc98\u0274\u1b44\u0fd0\u03b2\u274d\u0263\u0fd0",
        "username": "Unknown_boy_108"
    },
    {
        "_id": 5519859048,
        "first_name": "Cold Coffee \ud83d\udd2e",
        "username": "Urahara_Kisuke0"
    },
    {
        "_id": 6110294479,
        "first_name": "\u3010 \ud835\udc0c\ud835\udc22\ud835\udc2c\ud835\udc2c_\ud835\udc19\ud835\udc1a\ud835\udc2b\ud835\udc1a \u3017\u30c4\ud83c\ude2f\u2698",
        "username": "Miss_zara_12"
    },
    {
        "_id": 5215080301,
        "first_name": "Dream",
        "username": "areyouokeyb"
    },
    {
        "_id": 6814494811,
        "first_name": "\ud835\uddea\ud835\uddee\ud835\uddf8\ud835\uddee\ud835\ude00\ud835\uddee",
        "username": null
    },
    {
        "_id": 6369865538,
        "first_name": "\ud835\udc0e\ud835\udc14\ud835\udc13\ud835\udc12\ud835\udc08\ud835\udc03\ud835\udc04\ud835\udc11",
        "username": "Im_Dead_frr"
    },
    {
        "_id": 1762300003,
        "first_name": "Sam",
        "username": "Sammm0_0"
    },
    {
        "_id": 5743893359,
        "first_name": "\u2765\ud835\ude7d\ud835\ude74\ud835\ude89\ud835\ude84\ud835\ude7a\ud835\ude7e - \ud835\ude72\ud835\ude77\ud835\ude70\ud835\ude7d\u2765",
        "username": "xZc_nezu"
    },
    {
        "_id": 5484950501,
        "first_name": "\u624b\u6bb5\u6068\ud83d\ude08",
        "username": null
    },
    {
        "_id": 1513183641,
        "first_name": "\ud804\udc4d\u2b29\ud835\udc68\ud835\udc03\ud834\udd22\u22c6 \u0e4b\u08ed\ua673",
        "username": "Alpha_1425"
    },
    {
        "_id": 6383801114,
        "first_name": "Kai",
        "username": null
    },
    {
        "_id": 6582367588,
        "first_name": "\uff25\uff52\uff45\uff4e\u2022 \ud835\uddeb\ud835\uddd7 \u232f |\ud83c\uddee\ud83c\uddf3|",
        "username": "Gerolt_x007"
    },
    {
        "_id": 6772262369,
        "first_name": "SHIKIMORI \ud83d\udc95\u20e4",
        "username": "Shikimoriiz"
    },
    {
        "_id": 5267985170,
        "first_name": "\ud835\udc72\ud835\udc96\ud835\udc93\ud835\udc90 \u2614",
        "username": "kuro63"
    },
    {
        "_id": 5717054994,
        "first_name": "\u00d1\u00e0r\u00fat\u00f3",
        "username": "Praso2"
    },
    {
        "_id": 6324466229,
        "first_name": "\ud835\udd77\ud835\udd9a\ud835\udd88\ud835\udd8e\ud835\udd8b\ud835\udd8a\ud835\udd97 \ud835\udd88\ud835\udd9a\ud835\udd97\ud835\udd98\ud835\udd8a \u00d7\u035c\u00d7\ud835\udd98\u1d0f\u1d1c\u029f\u20dd\u2660",
        "username": "Kunal_rip"
    },
    {
        "_id": 6326970101,
        "first_name": "\u2655 \ud83c\udde6 \ud83c\uddf7 \ud83c\uddee \ud83c\uddeb \u2661\u20e4",
        "username": "arif074"
    },
    {
        "_id": 5892784730,
        "first_name": "\ud835\udc00\ud835\udc0a\ud835\udc14\ud835\udc0c\ud835\udc00 \u2022 \ud835\udde0\ud835\uddd4\ud835\uddd9\ud835\udddc\ud835\uddd4",
        "username": "AKUMAGOD26"
    },
    {
        "_id": 6268497844,
        "first_name": "\ud835\udc13\ud835\udc0e\ud835\udc09\ud835\udc08 \u2022 \ud835\udde0\ud835\uddd4\ud835\uddd9\ud835\udddc\ud835\uddd4",
        "username": "TOJIGOD2"
    },
    {
        "_id": 5164592387,
        "first_name": "U",
        "username": "IMeMyself_You"
    },
    {
        "_id": 6658605253,
        "first_name": "\u26e6\u20d5\u035cA_P\u00d7\u035cSHIKIMORI",
        "username": "IZUMIxSHIKIMORI"
    },
    {
        "_id": 5551712240,
        "first_name": "\ud835\udc15\ud835\udc1a\ud835\udc22\ud835\udc1b\ud835\udc21\ud835\udc1a\ud835\udc2f \u00d7\u035c\u00d7s\u1d0f\u1d1c\u029f",
        "username": null
    },
    {
        "_id": 6392704171,
        "first_name": "\ud835\udc0c\ud835\udc1a\ud835\udc1d\ud835\udc1a\ud835\udc2b\ud835\udc1a \ud835\udc12\ud835\udc21\ud835\udc1e\ud835\udc25\ud835\udc1b\ud835\udc32 \u0fd0.",
        "username": "Sigma_madaraa"
    },
    {
        "_id": 5757833536,
        "first_name": "\u2192\u2133\ud835\udcc7. \ud835\udce1\ud835\udd02\ud835\udcfe \u20ea \ud83e\udd42\ud83e\udd40",
        "username": "MR_REAPER_0"
    },
    {
        "_id": 1721594017,
        "first_name": "Ian Domnic",
        "username": null
    },
    {
        "_id": 6515618503,
        "first_name": "\u026a\u1d39\u1b44\u2124\ud835\udd52\ud835\udd63\ud835\udd52\ud83d\udc8e",
        "username": "Kiraaaaa_3"
    },
    {
        "_id": 6204807487,
        "first_name": ">>>>",
        "username": null
    },
    {
        "_id": 5778495774,
        "first_name": "Anime lover",
        "username": "Mr_Animetion"
    },
    {
        "_id": 6418573898,
        "first_name": "NAKI",
        "username": "naki_147"
    },
    {
        "_id": 6221752209,
        "first_name": "\u232f s \u029c \u026a \u03c3 \u0274 -//- \u02f9\u026a \u0493\u02fc",
        "username": "DeityRuler"
    },
    {
        "_id": 2054990632,
        "first_name": "\ud835\udc09\ud835\udc00\ud835\udc02\ud835\udc0a \ud835\ude3f\ud835\ude4d\ud835\ude3c\ud835\ude42\ud835\ude4a\ud835\ude49\ud835\ude4e\u20df\ud83d\udc09 \ud83e\udebd",
        "username": "r_d_xxx"
    },
    {
        "_id": 6930933806,
        "first_name": "\u0936\u0915\u0941\u0928\u0940 \u092e\u093e\u092e\u093e",
        "username": "I_am_nigga_69"
    },
    {
        "_id": 6670062659,
        "first_name": "\u1d05\u1d07\u1d0d\u1d0f\u0274\ud80c\udd0bK\u1d00\u0280\u1d0d\u1d00 \u2022 W\u1d00\u0280\u0280\u026a\u1d0f\u0280s \u2694\ufe0f",
        "username": "Agnostic_xd"
    },
    {
        "_id": 5332414680,
        "first_name": "Armaan",
        "username": "Armaan512"
    },
    {
        "_id": 5598275412,
        "first_name": "\ua9c1\ud808\udd9c\ud83c\udd7aANA\u00d8_TK\ud808\udd9c\ua9c2",
        "username": "Gx_clown"
    },
    {
        "_id": 6397144707,
        "first_name": "\ud835\ude4e\u327f\ud835\ude50\ud835\ude47\ud835\ude47 \ud835\ude52\u039b\ud835\ude54\ud835\ude49\ud835\ude40 \u00d7 \ud835\ude50\ud835\ude42",
        "username": "Skull_Wayen"
    },
    {
        "_id": 1359366400,
        "first_name": "Prathmesh",
        "username": null
    },
    {
        "_id": 6062971221,
        "first_name": "SHREE RAM BHAKT \ud83d\udea9\ud83d\udea9\ud83d\udea9\u2770\u2771\u3010\u2764\ufe0f\u200d\ud83d\udd25\u3011\u300f\ud83d\udd25",
        "username": "God_jhonny"
    },
    {
        "_id": 5199695135,
        "first_name": "\u26e6\u20d5\u035c\u0fc8\ud835\udc74\ud835\udc79\u00d7\u035c\ud835\udc75\ud835\udc68\ud835\udc72\ud835\udc6f\ud835\udc6c\ud835\udc6c\ud835\udc73\u219d\u00d7\u035c\u00d7",
        "username": "tg_nakheel"
    },
    {
        "_id": 6187852824,
        "first_name": "\u13c3\ud835\uddd4\ud835\uddec\ud835\udde1",
        "username": "Zayynn09"
    },
    {
        "_id": 6230880546,
        "first_name": "# Mr \u00fa\u00f1k\u00f1\u014dw\u00f1",
        "username": null
    },
    {
        "_id": 5943218783,
        "first_name": "unknown",
        "username": "Unknown_person_0015"
    },
    {
        "_id": 1366732817,
        "first_name": "Tony",
        "username": "Stark33024"
    },
    {
        "_id": 1943469732,
        "first_name": "\u0f3a\u20b3\u01a4\u01a4\u2c60\u0246\u0f3b",
        "username": "Just_an_applepie"
    },
    {
        "_id": 5260183395,
        "first_name": "\u300c \ud835\ude40 \ud835\ude4d \ud835\ude40 \ud835\ude49 \u300d",
        "username": "KnightEren"
    },
    {
        "_id": 6084239831,
        "first_name": "\ud80c\udd82\ud835\ude3f\ud835\ude56\ud835\ude67\ud835\ude60\u32aa\ud80c\udda9\ud835\udd64\ud835\udd59\ud835\udd5a\ud835\udd5c\ud835\udd52\ud835\udd5e\ud835\udd52\ud835\udd63\ud835\udd66 \ud835\udd5f\ud835\udd52\ud835\udd63\ud835\udd52 \ud80c\uddaa\u0fd0",
        "username": "Shikamaru00"
    },
    {
        "_id": 6584789596,
        "first_name": "\ud83d\udd39\ud835\udc39\ud835\udcf5\ud835\udcee\ud835\udd01 \ud835\udc35\ud835\udcf8\ud835\udd02\ud83d\udd39 \ud83d\udca0\uf8ff",
        "username": "FLEXdub_Official"
    },
    {
        "_id": 6622758274,
        "first_name": "\ud835\ude4e\ud835\ude50\ud835\ude46\ud835\ude50\ud835\ude49\ud835\ude3c\u2022\u0fd0\ud835\ude3e\ud835\ude50\ud835\ude4d\ud835\ude4e\ud835\ude40",
        "username": "Your_unfav_Sukuna"
    },
    {
        "_id": 6587935782,
        "first_name": "\u2667Rizz_HashiRa\u2661",
        "username": "Nuba_Nuba"
    },
    {
        "_id": 5841965054,
        "first_name": "\u2d54\u13ae\u13ae\u2d3d\u2d5f\u2d62\u2d54\u2d3d \ud83e\udd42\u2728",
        "username": "op_nightmare"
    },
    {
        "_id": 5204730865,
        "first_name": "MEET",
        "username": "meet_14_77"
    },
    {
        "_id": 1858202929,
        "first_name": "\ud80c\udda9\ud835\ude45\ud835\ude44\ud835\ude4d\ud835\ude3c\ud835\ude44\ud835\ude54\ud835\ude3c\ud80c\uddaa \ud81a\udcd0 \ud80c\udd02\ud835\ude48\ud835\ude3c\ud835\ude49\ud835\ude43\ud835\ude52\ud835\ude3c\u20df\ud83c\uddee\ud83c\uddf3",
        "username": "Jiraiya89k"
    },
    {
        "_id": 6802279954,
        "first_name": "Tilak",
        "username": null
    },
    {
        "_id": 6311527650,
        "first_name": "\u0442\u03c3\u043c \u2113\u0454g\u0454\u0438\u2202\u03b1\u044f\u0443 \ud808\ude6d",
        "username": "YuJi_X2_sUkuNa"
    },
    {
        "_id": 799765591,
        "first_name": "Allukad",
        "username": "AllukadMe"
    },
    {
        "_id": 6538196315,
        "first_name": "\ud835\udc0b\u1d0f\u0280\u1d05 \ud835\udc05\u0280\u1d07\u1d07\u1d22\u1d00 [ B # D ]",
        "username": "PAPA_LEVI"
    },
    {
        "_id": 6380227684,
        "first_name": "A\u1d0b\u1d00\u1d22\u1d00 \u2022 \u2770 \ud835\ude3d \u039e \ud835\ude3f \u2771",
        "username": "AKAZA_BD"
    },
    {
        "_id": 6327970376,
        "first_name": "\u25c4\u23e4\u035f\u035e\uab59\ud834\udd1f\u20dd\ud83e\udd8b\u0336\uabed\ud835\udc16A\u0274\ud835\udc03\ud835\ude74\u1587\ud835\udd26\u0274\ud83c\udd76\ufe0e \ud835\udc12\uabed\u274d\uabed\ud835\udde8\u029f\ud83e\udd8b\u20dd\ud834\udd1f\u2e19\u200c\u0656\u0656\u0656\u0656\u0656\u0656\u065c\u0656\u0656",
        "username": "homosapienhu"
    },
    {
        "_id": 5081129966,
        "first_name": "Sidhyartha",
        "username": null
    },
    {
        "_id": 5478114583,
        "first_name": "\ud835\udd7c\u03c5\u0454\u0454\ud835\udd93",
        "username": "Dont_tag_me_plz_i_am_nobody"
    },
    {
        "_id": 1931704617,
        "first_name": "\u00a4\u200c\u0e4b\u200c\u08e7\u08e7\u08e7\u08e7\u08e7\u08e7\u08e7\u08e7\u08e7\u08e7\u08e7\u08e9\u08e9\u08e9\u08e9\u08e9\u08e9\u08e9\u08e9\u08e9\ud835\udd77\ud835\udd9a\ud835\udd88\ud835\udd8e\ud835\udd8b\ud835\udd8a\ud835\udd97\u269a\u00a4\u200c\u0e4b\u200c\u08e7\u08e7\u08e7\u08e7\u08e7\u08e7\u08e7\u08e7\u08e7\u08e7\u08e7\u08e9\u08e9\u08e9\u08e9",
        "username": null
    },
    {
        "_id": 6862745634,
        "first_name": "\ud835\ude48\ud835\ude44\ud835\ude46\ud835\ude40\ud835\ude54\u2022\ud835\ude4a\ud835\ude48\ud835\ude40\ud835\ude42\ud835\ude3c \u2618\ufe0f",
        "username": "INVENCIBLE_SANO"
    },
    {
        "_id": 1134432147,
        "first_name": "\u274d\u23e4\u035f\u035e\u2022\uabed\uabed\u27bb\ud835\uddec \ud835\udf59 \ud835\udde6 \ud835\udddb\ud80c\uddaa\uaabe\u250a\ud83e\udd40\u2718\ud83d\udea9",
        "username": "Itz_Y_R"
    },
    {
        "_id": 1917286233,
        "first_name": "\uc0c1\uc900",
        "username": "nAkgQNX4m"
    },
    {
        "_id": 961317129,
        "first_name": "\u0262\u03b1\u044f\u044f\u0443",
        "username": "GARRYY18"
    },
    {
        "_id": 6908428133,
        "first_name": "\u026a_\u029c\u1d00\u1d1b\u1d07_\u028f\u1d0f\u1d1c\u00d7",
        "username": "KAILASH_5619"
    },
    {
        "_id": 5559486416,
        "first_name": "\u2014\u035e\u035f\u035e\u035f\ud81a\udcd8Rahul \u1d3a\u1d43\u1d50\u1da6\u1d4f\u1d43\u1dbb\u1d49\u300f\u5f61",
        "username": "i_am_rahul_09"
    },
    {
        "_id": 1924449511,
        "first_name": "DRAKEN",
        "username": "Draken_Og07"
    },
    {
        "_id": 6525019140,
        "first_name": "MAYEN",
        "username": "MAYEN_90"
    },
    {
        "_id": 976545006,
        "first_name": "SHINMON \u2022 \u0b13\u0b21\u0b3c\u0b3f\u0b06",
        "username": "beniwakamaru"
    },
    {
        "_id": 5509323170,
        "first_name": "class",
        "username": null
    },
    {
        "_id": 5667593426,
        "first_name": "James",
        "username": "JamesSama"
    },
    {
        "_id": 6182386759,
        "first_name": "\ud835\ude89\ud835\ude8e\ud835\ude9b\ud835\ude98\ud835\ude9d\ud835\udea0\ud835\ude98",
        "username": "xZc_zerotwo"
    },
    {
        "_id": 1793640812,
        "first_name": "\ua9c1soulKris\ua9c2",
        "username": null
    },
    {
        "_id": 5553026640,
        "first_name": "\u00d7\u035c\u00d7 \ud835\udc79\ud835\udc76\ud835\udc80 \u30b7\u30e5\u30dc\u30c7\u30a3\u30fc\u30d7 \u00d7SINGER'\u00d7",
        "username": "ROYAL_AND_ROYALTY"
    },
    {
        "_id": 6898921526,
        "first_name": "\u0fd0u\u03c4\u0e04\u0452ime \u026a\u1d0f\u0280\u026a\u2716\u300e\u00d7\u035c\u00d7\ua731\u1d00\u1d0d\u1d1c\u0280\u1d00\u026a\u27c1\u300f",
        "username": "queen_of_gojo"
    },
    {
        "_id": 6739866282,
        "first_name": "\u0274\u1d0f\u1d00\u029c's \u1d20\u1d04 \u1d18\u029f\u1d00\u028f\u1d07\u0280 \ud83c\udf38",
        "username": "NoahAssistant"
    },
    {
        "_id": 5758610222,
        "first_name": "X\u026a\u1d00\u1d0f",
        "username": "DouDi_XiaoYan"
    },
    {
        "_id": 6854678119,
        "first_name": "Sasuke",
        "username": "S_a_s_u_k_e_90"
    },
    {
        "_id": 6086527855,
        "first_name": "\u2301\ud835\udc68\ud835\udc73\ud835\udc77\ud835\udc6f\ud835\udc76\ud835\udc75\ud835\udc7a\ud835\udc6c\u26a1\ud80c\udc83",
        "username": "Go_fukurself"
    },
    {
        "_id": 1560459210,
        "first_name": "3RD EYE OPEN SOON",
        "username": "MAHAKAL_1256"
    },
    {
        "_id": 1940431451,
        "first_name": "Suzanne",
        "username": "cZGtBx"
    },
    {
        "_id": 5685840380,
        "first_name": "\ud835\ude21\ud835\ude30\ud835\ude2e\ud835\ude30\ud835\ude30\ud835\ude33\ud835\ude30\ud835\ude30",
        "username": "tg_zomooroo"
    },
    {
        "_id": 5756974242,
        "first_name": "\ud835\udc9f\ud835\udc38\ud835\udc40\ud835\udcaa\ud835\udca9 \ud835\udca6\ud835\udc3c\ud835\udca9\ud835\udca2",
        "username": "Sanuking5"
    },
    {
        "_id": 1861645831,
        "first_name": "\ud835\udc00\ud835\udc0a\ud835\udc12\ud835\udc07\ud835\udc00\ud835\udc18",
        "username": "AKPMakpm"
    },
    {
        "_id": 5547354495,
        "first_name": "Jan",
        "username": null
    },
    {
        "_id": 1846538292,
        "first_name": "kinh",
        "username": null
    },
    {
        "_id": 1833611508,
        "first_name": "\uff58BL\u023aDE",
        "username": "XbladeXBLADE"
    },
    {
        "_id": 5073917369,
        "first_name": "\u0f04\u25cf\u20dd\ud835\udc12\ud835\udc14\ud835\udc09\ud835\udc00\ud835\udc0b\u02e3\u0fd0\u27a4 ~\ud835\udc03\ud835\udc05",
        "username": "Ghost_Sujal"
    },
    {
        "_id": 2129052793,
        "first_name": "Blood",
        "username": "BloodGod_king"
    },
    {
        "_id": 6351317184,
        "first_name": "\ud835\ude02\ud835\uddfb\ud835\uddf8\ud835\uddfb\ud835\uddfc\ud835\ude04\ud835\uddfb \ud835\uddf1\ud835\ude02\ud835\uddef\ud835\uddef\ud835\uddf2\ud835\uddff\ud835\ude00 \ud83d\udcae",
        "username": "Animeboy1000"
    },
    {
        "_id": 823239058,
        "first_name": "\u1d05\u1d0a$\u043d\uaadd\u1814\u1946\u1910\u2022\u028f\u1d1b\u0fd0",
        "username": "demon_lordshadow"
    },
    {
        "_id": 6604776527,
        "first_name": "LordShadow",
        "username": null
    },
    {
        "_id": 5138426506,
        "first_name": "Uchiha Madara",
        "username": "hash_madara"
    },
    {
        "_id": 2128355942,
        "first_name": "K\u1ebb",
        "username": null
    },
    {
        "_id": 5552896247,
        "first_name": "T\u014dshir\u014d",
        "username": "a_k_a_t_s_u_k_i_07"
    },
    {
        "_id": 5235913440,
        "first_name": "l",
        "username": null
    },
    {
        "_id": 6661105054,
        "first_name": "\ud835\ude4d\ud835\ude40\ud835\ude3f\ud835\ude40\ud835\ude54\ud835\ude40 \u2022 \ud835\udc01\ud835\udeaf\ud835\udeb4\ud835\udc13\ud835\udeb5\ud835\udeb4",
        "username": "Redeye_Alone_98"
    },
    {
        "_id": 6925256645,
        "first_name": "Levi",
        "username": "Papa_Levi"
    },
    {
        "_id": 5917151448,
        "first_name": "\u00c3BH\u00d1\u00c2V R\u00c4\u00d1\u00c5",
        "username": "Karan15299"
    },
    {
        "_id": 6849386067,
        "first_name": "\ud80c\udd00\ud835\ude51\u327f.",
        "username": "VK_SAIBORK"
    },
    {
        "_id": 2027832484,
        "first_name": "Thomas",
        "username": null
    },
    {
        "_id": 6983799624,
        "first_name": "\ud834\udd1f\u20dd\ud83d\udda4\ud835\udc08\ud835\udc2ds \ud835\udc0c\ud835\udc1e HIRO (^_^)",
        "username": "Nothing_NTG"
    },
    {
        "_id": 6258200368,
        "first_name": "\ud83d\udd49HACKER \u2022 \u2770\ud835\uddd5\u232c\ud835\udde1\ud835\udde7\ud835\udeb5\ud835\udde1\u2771",
        "username": "xzc_hacker"
    },
    {
        "_id": 6402009857,
        "first_name": "\uaadd. \u026a\u1d1b\u1d00\u1d04\u029c\u026a \u1d1c\u1d04\u029c\u026a\u029c\u1d00",
        "username": "The_clan_killer_12"
    },
    {
        "_id": 6230236721,
        "first_name": "\ud835\ude13\ud835\ude1c\ud835\ude0a\ud835\ude12\ud835\ude20 \ud835\ude1a\ud835\ude08\ud835\ude14\ud835\ude08",
        "username": "lucky_sama"
    },
    {
        "_id": 1782205703,
        "first_name": "Manas Soni",
        "username": null
    },
    {
        "_id": 5759164985,
        "first_name": "Fiza",
        "username": "Ilyfhs"
    },
    {
        "_id": 2107736942,
        "first_name": "\ud835\udd74 \ud835\udd86\ud835\udd92 \ud835\udd6c\ud835\udd91\ud835\udd94\ud835\udd93\ud835\udd8a",
        "username": "fesisnomore"
    },
    {
        "_id": 6869505681,
        "first_name": "\ud835\udc12\ud835\udc12\ud835\udc11_\ud835\udc12\ud835\udc07\ud835\udc08\ud835\udc15\ud835\udc00\ud835\udc0c_\ud835\udc01\ud835\udc0e\ud835\udc0d\ud835\udc13\ud835\udc04",
        "username": "shivam_bhai1"
    },
    {
        "_id": 5910322467,
        "first_name": "\ud835\udc08\ud835\udc19\ud835\udc00\ud835\udc0d\ud835\udc00\u3010 \ud835\uddd5 \u039e \ud835\uddd7 \u3011",
        "username": "Izana_BD"
    },
    {
        "_id": 1640670102,
        "first_name": "\u25c4\u23e4\u035f\u035e\uab59\u0362\u036f\u00b3\u27a4\u20dd \u20dd\u20ea\u20d5\ud83e\udd40\ud835\udc0a\ud835\udc1a\ud835\udc22\ud835\udc2b\ud835\udc1a\ud835\udc2f\ud83d\udd4a\ufe0f\u20dd\u225b\u20dd\ud834\udd1e\u2022",
        "username": null
    },
    {
        "_id": 5701675796,
        "first_name": "\u300a.\u2022\u00b0~[\u013e\u2139\u0581\u0266\u2670\uaa97\u01fb\ud835\udc20\u01fb\u028d\u1fd6]~\u00b0\u2022.\u300b",
        "username": "Duhlsth"
    },
    {
        "_id": 6439827711,
        "first_name": "Son_Goku",
        "username": "Son_Goku_S1"
    },
    {
        "_id": 5483829443,
        "first_name": "\ud835\ude4d\ud835\ude40\ud835\ude3f\ud835\ude40\ud835\ude54\ud835\ude40 \u196b\u1b61",
        "username": "Redeye_alone"
    },
    {
        "_id": 1970281222,
        "first_name": "Mr",
        "username": "Mrunknow2"
    },
    {
        "_id": 6891252207,
        "first_name": "\ud83d\udda4\u1d39\u2071\u02e2\u02e2\ud835\udd6f\ud835\udd86\ud835\udd97\ud835\udd90\ud835\udd93\ud835\udd8a\ud835\udd98\ud835\udd98 \u0fd0\ud83d\udda4",
        "username": "miss_mirchiii"
    },
    {
        "_id": 1602480200,
        "first_name": "Dm",
        "username": null
    },
    {
        "_id": 6346273488,
        "first_name": "Hasnain khan \u25c9 \u2022\u1d33\u1d52\u1d48\ua731\u029c\u026a\u0274\u1d0f\u135d\u059f\u0299\u026a\u2022",
        "username": "hasnainkk"
    },
    {
        "_id": 6004440205,
        "first_name": "\ud835\udc11\ud835\udc04\ud835\udc0d\ud835\udc06\ud835\udc0e\ud835\udc0a\ud835\udc14\u25cf",
        "username": "Rengoku_BD"
    },
    {
        "_id": 5044487937,
        "first_name": "\u0627\u0645\u06cc\u0631 \u062d\u0633\u06cc\u0646",
        "username": null
    },
    {
        "_id": 2087105978,
        "first_name": "\ud835\ude7a\ud835\ude70\ud835\ude81\ud835\ude78\ud835\ude89\ud835\ude7c\ud835\ude70 \ud83d\udd25\u2620\ufe0f \u2014\u035f\u035e\u035e\u2718 \ud835\ude43\ud835\ude40\ud835\ude47\ud835\ude47 \u2022 \u26a1",
        "username": "karizma_hell"
    },
    {
        "_id": 1577919687,
        "first_name": "\u00d1\u00e0\u0158\u016a\u0163\u00f8",
        "username": "HokageNaruto66"
    },
    {
        "_id": 6196038042,
        "first_name": "\u5f61[ ! \ud835\udd6f\ud835\udd8a\ud835\udd9b\ud835\udd8e\ud835\udd91...\ud835\udd6d\ud835\udd8d\ud835\udd86\ud835\udd97\ud835\udd86\ud835\udd99\ud835\udd8d ! ]\u5f61",
        "username": "Beastboy9861"
    },
    {
        "_id": 6927766401,
        "first_name": "Kirill",
        "username": "LiNXino_traiders"
    },
    {
        "_id": 5957529543,
        "first_name": "RIN SLAYERS",
        "username": "I_killed_rin"
    },
    {
        "_id": 5562852244,
        "first_name": "\u1d4f\u1d43\u2071\u1dbb\u1d49\u207f",
        "username": null
    },
    {
        "_id": 595892042,
        "first_name": "Neha",
        "username": null
    },
    {
        "_id": 1735800227,
        "first_name": "\ud835\ude48\ud835\ude5e\ud835\ude69\ud835\ude68\ud835\ude6a\ud835\ude6a\u0b67\u2364\u20dd\ud83c\udf61",
        "username": "Yoo_Mitsuriii"
    },
    {
        "_id": 6861804692,
        "first_name": "\u21b3\uff61\u02da \ud83d\udd87\ufe0f\u1d0d\ud835\udd52\u19c1\ud835\ude90\u1e2d\u00ea\u2661\u250a\ud83e\uddf8",
        "username": "Poko_boo"
    },
    {
        "_id": 6984908969,
        "first_name": "FINIX",
        "username": null
    },
    {
        "_id": 6030592892,
        "first_name": "MD",
        "username": "mddabir07"
    },
    {
        "_id": 6402822292,
        "first_name": "\ud80c\udd00\ud835\ude42\ud835\ude4a\ud835\ude45\ud835\ude4a \ud835\ude4e\ud835\ude3c\ud835\ude4f\ud835\ude4a\ud835\ude4d\ud835\ude50\u0fcb\u0f7c\u0f19 \ud80c\udd42",
        "username": null
    },
    {
        "_id": 5363627215,
        "first_name": "Golu \u2664",
        "username": null
    },
    {
        "_id": 1870923716,
        "first_name": "\u0274\u1d07\u1d22\u1d1c\u1d0b\u1d0f\u1d9c\u02b0\u1d43\u207f\u1770. \u08ea \u05b4\u05b6\u05b8\u2728\ufe0f",
        "username": "Yoo_Kamado"
    },
    {
        "_id": 6259988849,
        "first_name": "Nikko",
        "username": "nikki_x07"
    },
    {
        "_id": 6600248027,
        "first_name": "ASTA",
        "username": "AstaRichita"
    },
    {
        "_id": 1468077761,
        "first_name": "\u590f|\u2022\u0262\u026a\u028f\u1d1c",
        "username": "Kamadoo32"
    },
    {
        "_id": 7177206350,
        "first_name": "\u300c\u2aa8\u0374\u0374\u073c\u203d\u2503\ud835\udc8c\ud835\udc1a\ud835\udc8c\u01df\u0abd\ud835\udc89\uaab1\ud835\udc21\u01df\u0567\u01df\ud835\ude2c\u03ad\u2503\u203d\u073c\u0374\u0374\u2aa9\u300d",
        "username": "Chidori_lightning2"
    },
    {
        "_id": 1242173932,
        "first_name": "TP-LINK Archer AX73",
        "username": "TPLINK_AX73"
    },
    {
        "_id": 6312693124,
        "first_name": "\u00b0 Lemon \ud83c\udf4b \u00b0",
        "username": "Lemonade0_0"
    },
    {
        "_id": 6722585119,
        "first_name": "Izana \u00ae",
        "username": "TheEmperorIzana"
    },
    {
        "_id": 5567342830,
        "first_name": "\u043d\u0438\u043d\u0430",
        "username": "aizensoloverse"
    },
    {
        "_id": 1995286117,
        "first_name": "Sayon",
        "username": "Eminent_Shadow"
    },
    {
        "_id": 1901741178,
        "first_name": "\u23e4\u035f\u035e \u0455\u2113\u03b1\u0443\u0454\u044f \u043d\u03c3\u0438\u0454\u0443..... \u26a1\ud83e\udd42",
        "username": "Slayer_Honey_XD"
    },
    {
        "_id": 6973618599,
        "first_name": "\ud835\udc79\ud835\udc68\ud835\udc75 \ud835\udc6a\ud835\udc6f\ud835\udc68\ud835\udc75",
        "username": "Neko_mouri480"
    },
    {
        "_id": 966406302,
        "first_name": "\ud835\udc87\ud835\udc82\ud835\udc89\ud835\udc8a\ud835\udc8e",
        "username": "Avenger_F"
    },
    {
        "_id": 6988329910,
        "first_name": "\u02f9\u029c\u1d0f\u0274\u1d07\u028f \uab59 \u1d27\ua731\ua731\u026a\ua731\u1d1b\u1d27\u03b7\u1d1b\u02fc \u26a1",
        "username": "Honey_music_TFC"
    },
    {
        "_id": 6115850050,
        "first_name": "\ud835\ude4d\ud835\ude40\ud835\ude3f\ud835\ude40\ud835\ude54\ud835\ude40 \u196b\u1b61",
        "username": "REDEYE_00"
    },
    {
        "_id": 5498685743,
        "first_name": "JON",
        "username": "Mr_jon_183"
    },
    {
        "_id": 6225153577,
        "first_name": "\ud835\udd38\ud835\udd5a\ud835\udd6b\ud835\udd56\ud835\udd5f",
        "username": "AqGg4"
    },
    {
        "_id": 6462715208,
        "first_name": "\u3164\u3164\u3164",
        "username": "JinxShadow"
    },
    {
        "_id": 1963356093,
        "first_name": "\ua730\u1d07\u029f\u026ax",
        "username": "Felixyyye"
    },
    {
        "_id": 6642824116,
        "first_name": "\u232f \ud835\udc08 \ud835\udc19 \ud835\udc00 \ud835\udc0d \ud835\udc00 -//- \u3010 \ud835\uddd5 \u039e \ud835\uddd7 \u3011",
        "username": "TheEmperorIzana"
    },
    {
        "_id": 5539421019,
        "first_name": "\ud835\udc01\ud835\udc2b\ud835\udc2e\ud835\udc31\ud835\udc1c\ud835\udc1e",
        "username": "Bruxce_sama"
    },
    {
        "_id": 5208708688,
        "first_name": "\u232f\ud835\udde0\ud835\udddc\ud835\uddde\ud835\udeb5\ud835\uddec -//- \u2770\ud835\udddc\ud835\udde1\ud835\udde6\ud835\uddd4\ud835\udde1\ud835\udeb5\u2771",
        "username": "XYZ_MIKEY"
    },
    {
        "_id": 5427077934,
        "first_name": "Yates",
        "username": null
    },
    {
        "_id": 5842377635,
        "first_name": "Armoent",
        "username": "Karmaismyboyfriend"
    },
    {
        "_id": 6823076870,
        "first_name": "Tanjirou",
        "username": "BakaChii"
    },
    {
        "_id": 6401169275,
        "first_name": "\u23e4\u035f\u035e\u035f\u035e\u0362\ud800\udfd3 \u20ea\u0f0f\u200c\u20ea\u20da\ud83d\udc09 \u20df\u20df\u20dd\u20ea\ud83c\udde9\ud835\uddf2\ud835\uddfa\ud835\uddfc\ud835\uddfb\u269d\ud835\ude00\ud835\uddf5\ud835\uddf6\ud835\uddff\ud835\uddfc\ud835\ude02\u20ea\u0f0f\u200c\u20ea\u20da\u06de\u20dd'\ud83c\udf43\"",
        "username": "Demon_aryan"
    },
    {
        "_id": 5824450723,
        "first_name": "Baka",
        "username": "Baka_asta"
    },
    {
        "_id": 6648023295,
        "first_name": "D O U M A",
        "username": "Lord_douma"
    },
    {
        "_id": 6313937786,
        "first_name": "\ud835\udd43\ud835\udd5a\ud835\udd5d\ud835\udd6a \u00d7\u035c\u00d7\ud835\udc2c\ud835\udc28\ud835\udc2e\ud835\udc25 \u20dd\u2660",
        "username": null
    },
    {
        "_id": 6812117431,
        "first_name": "Z\u039bDE \ud83d\udc23",
        "username": "exwaixee"
    },
    {
        "_id": 1631167793,
        "first_name": "Dhanraj",
        "username": null
    },
    {
        "_id": 5427751198,
        "first_name": "[Madara] \u00d7\u035c\u00d7s\u1d0f\u1d1c\u029f\u20dd\u2660",
        "username": "Ghost_Soul_DF"
    },
    {
        "_id": 1476491937,
        "first_name": "\ua31a\ua0c5\ua024\u0324\u032e\ua2ca",
        "username": "Cat_bot_15"
    },
    {
        "_id": 5153974036,
        "first_name": "Mizuto",
        "username": "Swim_InHaru"
    },
    {
        "_id": 6211441287,
        "first_name": "\ud835\ude82\ud835\ude98\ud835\ude9c\ud835\ude9e\ud835\ude94\ud835\ude8e",
        "username": "Ripper_Hybrid"
    },
    {
        "_id": 6134229479,
        "first_name": "GodLOLMAN",
        "username": "GodLOLMAN"
    }
]