[
    {
        "_id": {
            "$oid": "658fe112d93a26f75bc26975"
        },
        "chat_id": "-1002032544467",
        "message_frequency": 100
    },
    {
        "_id": {
            "$oid": "659179ded93a26f75bce8228"
        },
        "chat_id": "-1002137911091",
        "message_frequency": 100
    },
    {
        "_id": {
            "$oid": "659672aed93a26f75b04f5d0"
        },
        "chat_id": "-1001953012111",
        "message_frequency": 100
    },
    {
        "_id": {
            "$oid": "6596b0b2d93a26f75b31767b"
        },
        "chat_id": "-1001909902329",
        "message_frequency": 100
    },
    {
        "_id": {
            "$oid": "6596eb70d93a26f75b5964f2"
        },
        "chat_id": "-1001840216999",
        "message_frequency": 400
    },
    {
        "_id": {
            "$oid": "65978006d93a26f75bb503e8"
        },
        "chat_id": "-1001607362737",
        "message_frequency": 100
    },
    {
        "_id": {
            "$oid": "6597d649d93a26f75bf6daa6"
        },
        "chat_id": "-1001716094616",
        "message_frequency": 100
    },
    {
        "_id": {
            "$oid": "65992cfdd93a26f75bdd7f81"
        },
        "chat_id": "-1001901960517",
        "message_frequency": 100
    },
    {
        "_id": {
            "$oid": "6599346cd93a26f75be30315"
        },
        "chat_id": "-1001610594399",
        "message_frequency": 100
    },
    {
        "_id": {
            "$oid": "6599ac66d93a26f75b3c33d6"
        },
        "chat_id": "-1002127015645",
        "message_frequency": 100
    },
    {
        "_id": {
            "$oid": "659e2ebad93a26f75b3f37b9"
        },
        "chat_id": "-1001943559521",
        "message_frequency": 100
    },
    {
        "_id": {
            "$oid": "65aab7f9f9a085c2e5b1a535"
        },
        "chat_id": "-1001824532883",
        "message_frequency": 100
    },
    {
        "_id": {
            "$oid": "65aaf53ef9a085c2e5d75d11"
        },
        "chat_id": "-1001999007703",
        "message_frequency": 100
    },
    {
        "_id": {
            "$oid": "65af6290f9a085c2e5a646f0"
        },
        "chat_id": "-1002077329087",
        "message_frequency": 100
    },
    {
        "_id": {
            "$oid": "65b12151b10e3be436ee2496"
        },
        "chat_id": "-1001853928406",
        "message_frequency": 100
    },
    {
        "_id": {
            "$oid": "65b7cd26b10e3be4362afc4d"
        },
        "chat_id": "-1001948841766",
        "message_frequency": 100
    },
    {
        "_id": {
            "$oid": "65bcaf66e9f820f675150eb2"
        },
        "chat_id": "-1002014970651",
        "message_frequency": 100
    },
    {
        "_id": {
            "$oid": "65bf8645e9f820f675ddd737"
        },
        "chat_id": "-1002060199763",
        "message_frequency": 100
    },
    {
        "_id": {
            "$oid": "65c1e4a6e9f820f6754fd70d"
        },
        "chat_id": "-1001930290905",
        "message_frequency": 100
    },
    {
        "_id": {
            "$oid": "65c2b27de9f820f675ce8fbb"
        },
        "chat_id": "-1001768458187",
        "message_frequency": 100
    },
    {
        "_id": {
            "$oid": "65c90bd6e9f820f675815ed6"
        },
        "chat_id": "-1001942957086",
        "message_frequency": 100
    },
    {
        "_id": {
            "$oid": "65d0b5eae8431bbfe683d48d"
        },
        "chat_id": "-1001952735330",
        "message_frequency": 100
    },
    {
        "_id": {
            "$oid": "65d2bab2e8431bbfe6bc0735"
        },
        "chat_id": "-1001880985771",
        "message_frequency": 100
    },
    {
        "_id": {
            "$oid": "65d6b9afe8431bbfe6342b50"
        },
        "chat_id": "-1002087869796",
        "message_frequency": 100
    },
    {
        "_id": {
            "$oid": "65d89a30e8431bbfe64cfda1"
        },
        "chat_id": "-1002102779664",
        "message_frequency": 160
    },
    {
        "_id": {
            "$oid": "65d9311ee8431bbfe6a48404"
        },
        "chat_id": "-1002089135808",
        "message_frequency": 100
    },
    {
        "_id": {
            "$oid": "65d9cd9de8431bbfe6feff55"
        },
        "chat_id": "-1002054253795",
        "message_frequency": 100
    },
    {
        "_id": {
            "$oid": "6603181189fae3088447f12d"
        },
        "chat_id": "-1002128121135",
        "message_frequency": 100
    },
    {
        "_id": {
            "$oid": "66085fbba98e7560faf2a85b"
        },
        "chat_id": "-1002131205083",
        "message_frequency": 100
    }
]